<?xml version="1.0" encoding="UTF-8"?>
<project-private xmlns="http://www.netbeans.org/ns/project-private/1">
    <editor-bookmarks xmlns="http://www.netbeans.org/ns/editor-bookmarks/2" lastBookmarkId="1">
        <file>
            <url>src/guitest/SmallGUIFrame.java</url>
            <bookmark id="1">
                <name/>
                <line>59</line>
                <key/>
            </bookmark>
        </file>
    </editor-bookmarks>
    <open-files xmlns="http://www.netbeans.org/ns/projectui-open-files/2">
        <group>
            <file>file:/F:/Uni%20Work/Second%20Year/COM373/Assignment/Gui%20Test/GuiTest/src/guitest/Drawing.java</file>
            <file>file:/F:/Uni%20Work/Second%20Year/COM373/Assignment/Gui%20Test/GuiTest/src/guitest/CurrentAccount.java</file>
            <file>file:/F:/Uni%20Work/Second%20Year/COM373/Assignment/Gui%20Test/GuiTest/src/guitest/ResultPanel.java</file>
            <file>file:/F:/Uni%20Work/Second%20Year/COM373/Assignment/Gui%20Test/GuiTest/src/guitest/SavingsAccount.java</file>
            <file>file:/F:/Uni%20Work/Second%20Year/COM373/Assignment/Gui%20Test/GuiTest/src/guitest/Control.java</file>
            <file>file:/F:/Uni%20Work/Second%20Year/COM373/Assignment/Gui%20Test/GuiTest/src/guitest/UI.java</file>
            <file>file:/F:/Uni%20Work/Second%20Year/COM373/Assignment/Gui%20Test/GuiTest/src/guitest/GuiTest.java</file>
        </group>
    </open-files>
</project-private>
